CarNumber,Surname
Y163O8161RUS,ADAMS
E432XX77RUS,WILSON
7184TT36RUS,PHILLIPS
X582HE161RUS,ROSS
92918M178RUS,JOHNSON
H234YH197RUS,WILSON
E40577152RUS,ROBINSON
707987163RUS,RUIZ
K330T8197RUS,PETERSON
X786CO96RUS,COX
C477M7161RUS,STEWART
O21997197RUS,RUIZ
M592CH197RUS,MYERS
9020YC197RUS,SCOTT
8182XX154RUS,REED
7830C8197RUS,ORTIZ
7066C8197RUS,THOMPSON
M298CH161RUS,GARCIA
E445TC197RUS,BROOKS
8440XX154RUS,ADAMS
9371CE154RUS,ROGERS
9182CE154RUS,MORGAN
83298C154RUS,BENNETT
Y7659C197RUS,MILLER
C922YE197RUS,MORRIS
7364C8197RUS,MARTINEZ
M5039X197RUS,EDWARDS
8603T8154RUS,ANDERSON
92928M178RUS,WHITE
O672E8197RUS,ORTIZ
E42277152RUS,BAILEY
C903MC161RUS,TAYLOR
T7318T163RUS,MILLER
Y7719C197RUS,PHILLIPS
T011MY163RUS,MORALES
H115YO163RUS,JONES
73467Y96RUS,SANDERS
O134HE197RUS,SMITH
H968HY161RUS,SMITH
Y654E8750RUS,FLORES
H963HY161RUS,BAKER
H232YH197RUS,RODRIGUEZ
7843C8197RUS,MURPHY
X791O796RUS,MENDOZA
H958HY161RUS,KING
708587163RUS,SMITH
Y973O8197RUS,HILL
97977H178RUS,BROOKS
H917TC36RUS,NELSON
Y7709C197RUS,JAMES
8513XX154RUS,PATEL
T870X7163RUS,EVANS
8818C877RUS,ROGERS
T395OT197RUS,YOUNG
K327T8197RUS,CAMPBELL
8311XX154RUS,COOK
X423MK197RUS,JOHNSON
96429X178RUS,ORTIZ
O275O7161RUS,BROOKS
7789KT197RUS,GOMEZ
E28877161RUS,GRAY
T6068M116RUS,JAMES
9498KX178RUS,PARKER
99209X178RUS,COX
T6449O50RUS,MORRIS
9683EC178RUS,JOHNSON
Y353O8197RUS,THOMAS
O719MM163RUS,RIVERA
E535MM199RUS,ANDERSON
Y352O8197RUS,CRUZ
7788KT197RUS,GUTIERREZ
E807HE77RUS,RICHARDSON
M516CH161RUS,BAILEY
89587X197RUS,KELLY
7781KT197RUS,HOWARD
E645TH36RUS,LEE
Y302E877RUS,TURNER
M058XE36RUS,SMITH
8166XX154RUS,KELLY
M589CH197RUS,MILLER
9408H7178RUS,ANDERSON
H387TM197RUS,PATEL
8049HT125RUS,STEWART
9698MO178RUS,RAMOS
8685HE154RUS,CASTILLO
7177TT36RUS,BAILEY
O77997197RUS,HALL
Y234E877RUS,WILSON
97987H178RUS,MORRIS
X257HE161RUS,ROBERTS
T399KX197RUS,WARD
H957HY161RUS,EDWARDS
K379HY161RUS,SCOTT
T654HT96RUS,MOORE
8439XX154RUS,LOPEZ
Y965EE197RUS,BENNETT
X758HY197RUS,MARTIN
M0279X197RUS,SANDERS
H224X836RUS,SANCHEZ
E6849O154RUS,CHAVEZ
O83797197RUS,COLLINS
9402KK197RUS,LEE
7368C8197RUS,CASTILLO
H427YH197RUS,WOOD
9583EY178RUS,EVANS
Y038E877RUS,COX
9822H8161RUS,COOPER
7826C8197RUS,SCOTT
E160YX77RUS,YOUNG
82337X197RUS,LOPEZ
X757HY197RUS,MORGAN
X765HY197RUS,KING
934497178RUS,ROSS
K2807K154RUS,ANDERSON
T8008Y125RUS,JACKSON
Y960EE197RUS,HILL
7840C8197RUS,CAMPBELL
K846YE77RUS,ROBERTS
7827C8197RUS,LOPEZ
Y655E8750RUS,CLARK
H003MH197RUS,THOMAS
Y7699C197RUS,EVANS
Y8399C197RUS,JONES
9135X938RUS,MORALES
H385TM197RUS,CHAVEZ
9428EX178RUS,MOORE
H837YK197RUS,MARTINEZ
O83597197RUS,DIAZ
E42577152RUS,THOMAS
E53277152RUS,WOOD
C476M7161RUS,CLARK
9943KK197RUS,BAKER
8165XX154RUS,SANCHEZ
T476KX197RUS,GONZALEZ
C422X938RUS,THOMAS
K328T8197RUS,ROGERS
9466EX178RUS,ORTIZ
X256HE161RUS,PEREZ
Y275O8197RUS,LONG
H217X836RUS,MARTINEZ
Y316E877RUS,ALVAREZ
8601XX154RUS,PETERSON
M741T9152RUS,NGUYEN
9883HX152RUS,SANCHEZ
Y6829Y50RUS,SANDERS
H004MH197RUS,THOMPSON
704987163RUS,KELLY
E316EH197RUS,REED
O22297197RUS,WOOD
O02597197RUS,RICHARDSON
X015HY197RUS,RODRIGUEZ
T769OT197RUS,WILLIAMS
Y778EE197RUS,LEWIS
7829C8197RUS,RICHARDSON
T272HH163RUS,WHITE
T018OX197RUS,SCOTT
Y255E877RUS,DIAZ
9697MO178RUS,PEREZ
T686EO197RUS,KING
C590EY154RUS,STEWART
T941CC96RUS,LEE
O22397197RUS,ROSS
X242EC197RUS,MARTINEZ
T020OX197RUS,SANDERS
E33577152RUS,FLORES
E773EH197RUS,ALVAREZ
T6428M116RUS,GUTIERREZ
Y7129Y50RUS,GARCIA
Y418EX197RUS,ROBINSON
Y7689C197RUS,WARD
E52877152RUS,CAMPBELL
7369C8197RUS,WOOD
Y166O8161RUS,SANCHEZ
705287163RUS,JAMES
K559KC161RUS,JAMES
M0299X197RUS,MARTIN
84418C154RUS,RODRIGUEZ
E53488152RUS,BROWN
90159H178RUS,DIAZ
C798ET50RUS,WILLIAMS
Y193O8161RUS,RICHARDSON
7248C8197RUS,CASTILLO
K357YE77RUS,SCOTT
E0697X152RUS,COLLINS
E40877152RUS,HUGHES
Y351O8197RUS,MURPHY
Y356O8197RUS,WARD
O6939X163RUS,LOPEZ
Y7649C197RUS,CASTILLO
9935TE152RUS,MORALES
704687163RUS,COOK
7197TT36RUS,WOOD
O143HO197RUS,THOMPSON
K436MO152RUS,GOMEZ
9938OH154RUS,JONES
E34877152RUS,COOPER
E5878M777RUS,JIMENEZ
7844C8197RUS,ROBERTS
C584EY154RUS,MURPHY
E28977161RUS,ROGERS
T016OX197RUS,COLLINS
H889YK197RUS,GONZALEZ
7363C8197RUS,RAMIREZ
T6039O50RUS,SANCHEZ
7365C8197RUS,THOMPSON
Y967O8197RUS,MOORE
E816HE77RUS,LONG
T6329O50RUS,ROBERTS
X504X8197RUS,PRICE
M581CH197RUS,REYES
X523OM161RUS,MILLER
C412X938RUS,COOK
7831C8197RUS,CLARK
8164XX154RUS,KELLY
T6419O50RUS,HILL
E822TH36RUS,HERNANDEZ
8437XX154RUS,WILLIAMS
C515X938RUS,HALL
7172TT36RUS,WALKER
8436XX154RUS,BROOKS
E79988152RUS,PATEL
8180XX154RUS,PRICE
84438C154RUS,WRIGHT
T6309O50RUS,COOPER
T6129O50RUS,MITCHELL
K339T8197RUS,RIVERA
X782CO96RUS,MORRIS
E591HE77RUS,YOUNG
9499KX178RUS,CASTILLO
Y357O8197RUS,PATEL
Y652O8197RUS,BENNETT
X767HY197RUS,BAKER
H220X836RUS,BAILEY
H218X836RUS,ROBINSON
T913CT197RUS,NELSON
T6439O50RUS,PEREZ
7784KT197RUS,COOPER
X286TC36RUS,RAMOS
O752MX161RUS,WATSON
Y7449Y50RUS,WOOD
92828M178RUS,LOPEZ
Y650E8750RUS,PETERSON
8321XX154RUS,MITCHELL
8316XX154RUS,LEWIS
T017OX197RUS,BROWN
H977HY161RUS,REYES
X522OM161RUS,ALLEN
O085E8197RUS,MARTIN
705387163RUS,RICHARDSON
O017KO197RUS,MURPHY
X4138H125RUS,MORALES
8441XX154RUS,HOWARD
M0269X197RUS,GONZALEZ
T483CT96RUS,RAMIREZ
T940CC96RUS,WILLIAMS
C58078163RUS,LONG
O02397197RUS,RODRIGUEZ
8611T8154RUS,DAVIS
704787163RUS,MORALES
C313MM99RUS,WILLIAMS
X763HY197RUS,COX
M386M9197RUS,COOK
8605T8154RUS,JIMENEZ
7147OE161RUS,WARD
7361C8197RUS,PHILLIPS
Y359EY197RUS,COLLINS
T6559O50RUS,WRIGHT
9469EX178RUS,MURPHY
Y6839Y50RUS,RODRIGUEZ
H237YH197RUS,COX
T948OM96RUS,MORGAN
T395KX197RUS,PATEL
M301CH161RUS,HARRIS
9496KX178RUS,ALLEN
T6319O50RUS,REYES
H305T8197RUS,ALVAREZ
8201XX154RUS,RODRIGUEZ
O64297197RUS,MOORE
9523M8178RUS,MILLER
Y273O8197RUS,ALVAREZ
T6229O50RUS,TURNER
X023HY197RUS,RAMOS
8226XX154RUS,BAKER
Y038TO197RUS,JONES
M0289X197RUS,WATSON
E811HE77RUS,BROOKS
X795O796RUS,FLORES
O39997197RUS,MILLER
97968K152RUS,ROGERS
H219X836RUS,MENDOZA
T6169O50RUS,GREEN
94178K154RUS,MOORE
9467EX178RUS,CRUZ
O78097197RUS,LEE
X5707X161RUS,HALL
Y232E877RUS,PEREZ
Y388E877RUS,TURNER
X255HE161RUS,ROGERS
E552MO152RUS,BROWN
97998K152RUS,JOHNSON
Y963O8197RUS,MURPHY
T477KX197RUS,RAMOS
T2639T116RUS,HOWARD
O49797197RUS,KIM
O68897197RUS,PEREZ
72457Y96RUS,BENNETT
7064C8197RUS,MITCHELL
E948C8152RUS,YOUNG
C514X938RUS,MURPHY
C589EY154RUS,TORRES
K899T8197RUS,BAILEY
T6418M116RUS,NGUYEN
8607XX154RUS,FOSTER
92778M178RUS,COOPER
T288CT96RUS,WOOD
9886HX152RUS,MITCHELL
C583EY154RUS,REED
C592EY154RUS,HARRIS
T6459O50RUS,BENNETT
X759HY197RUS,EDWARDS
705787163RUS,RAMOS
92898M178RUS,CARTER
9671EC178RUS,MORRIS
M302CH161RUS,ALLEN
M578CH197RUS,LOPEZ
Y207O8161RUS,GREEN
96659X178RUS,REED
T912CT197RUS,ROBINSON
7183TT36RUS,WATSON
89557X197RUS,BAILEY
Y359O8197RUS,ROBINSON
K2817K154RUS,HUGHES
Y964O8197RUS,PHILLIPS
H967HY161RUS,THOMPSON
E394MO152RUS,ROBERTS
O50699163RUS,REYES
9463EX178RUS,WILLIAMS
E53677152RUS,PARKER
K338T8197RUS,MURPHY
Y4298M777RUS,PARKER
Y687HM197RUS,CRUZ
98037H178RUS,CASTILLO
7828C8197RUS,MYERS
H980HY161RUS,CARTER
H906YK197RUS,ROBERTS
7199MT197RUS,NGUYEN
X908XC197RUS,GRAY
T171CC96RUS,LEE
X4108H125RUS,THOMAS
Y966O8197RUS,WOOD
K2797K154RUS,WARD
7089H8163RUS,THOMAS
7841C8197RUS,EDWARDS
9940KK197RUS,MORRIS
H971HY161RUS,REED
H844YH197RUS,THOMPSON
E33477152RUS,ALVAREZ
Y156E877RUS,WILLIAMS
E396MO152RUS,CLARK
Y969O8197RUS,ROBERTS
9028CO161RUS,ANDERSON
T6249O50RUS,DIAZ
E42377152RUS,JONES
9941KK197RUS,ROBINSON
M372CH197RUS,GOMEZ
K040CC197RUS,ALLEN
E41577152RUS,SANCHEZ
9763HY161RUS,TURNER
T535ET96RUS,LEE
H961HY161RUS,PATEL
M2169X197RUS,LEE
8234XX154RUS,PEREZ
O83697197RUS,MARTINEZ
E52677152RUS,CRUZ
8451M7154RUS,COX
9589EY178RUS,RAMOS
H907YK197RUS,GUTIERREZ
O39897197RUS,MURPHY
M3879X197RUS,THOMAS
C299K9154RUS,ROBINSON
9468EX178RUS,CHAVEZ
M375CH197RUS,LOPEZ
H982HY161RUS,FLORES
8224XX154RUS,KING
Y653E8750RUS,KING
K558KC161RUS,WILLIAMS
O058M7161RUS,CASTILLO
M256OH161RUS,COOK
T242H8197RUS,GONZALEZ
K27188138RUS,TURNER
96629X178RUS,LEWIS
9881HX152RUS,COLLINS
T479KX197RUS,CHAVEZ
M680T9152RUS,HERNANDEZ
C410X938RUS,MENDOZA
X762HY197RUS,PETERSON
9470EX178RUS,PRICE
X4128H125RUS,YOUNG
9762HY161RUS,ROBERTS
H419XE197RUS,CAMPBELL
98017H178RUS,WILLIAMS
Y780EE197RUS,PATEL
M580CH197RUS,LEE
9943OH154RUS,WILSON
Y354O8197RUS,RIVERA
7065C8197RUS,LOPEZ
E28777161RUS,ALVAREZ
M701T9152RUS,CHAVEZ
E577HE77RUS,FOSTER
92788M178RUS,PHILLIPS
9072EM178RUS,REED
9409H7178RUS,ALLEN
C3829X154RUS,TURNER
T478KX197RUS,RUIZ
T119CT96RUS,TURNER
708487163RUS,REED
H983HY161RUS,ANDERSON
7842C8197RUS,CLARK
O64097197RUS,BENNETT
Y693HM197RUS,RODRIGUEZ
96857X197RUS,JIMENEZ
T394KX197RUS,HARRIS
O49897197RUS,WARD
H963X936RUS,COLLINS
T341CC96RUS,COOK
9942KK197RUS,EVANS
9141H8178RUS,PARKER
7370C8197RUS,CHAVEZ
9890HX152RUS,LONG
M268CH197RUS,RUIZ
C419X938RUS,WOOD
M0319X197RUS,FLORES
M577CH197RUS,GRAY
H975HY161RUS,BROOKS
X018HY197RUS,KIM
E33177152RUS,RIVERA
9491H7178RUS,BROWN
M374CH197RUS,RUIZ
96679X178RUS,ALVAREZ
9594HY161RUS,COLLINS
83218C154RUS,FLORES
9764HY161RUS,WHITE
708187163RUS,CHAVEZ
H908YK197RUS,ROSS
Y656E8750RUS,MORRIS
9679EC178RUS,SANDERS
C803KE163RUS,REED
Y7379Y50RUS,PETERSON
X320MK197RUS,RAMIREZ
96907X197RUS,WRIGHT
H235YH197RUS,REED
9474EX178RUS,CRUZ
Y8259C197RUS,BENNETT
E29577161RUS,TURNER
X761HY197RUS,RODRIGUEZ
T396KX197RUS,FOSTER
C593EY154RUS,GREEN
Y164O8161RUS,JIMENEZ
M942OT152RUS,KIM
Y7429Y50RUS,GONZALEZ
H976HY161RUS,PEREZ
Y195O8161RUS,WARD
O669E8197RUS,HILL
Y187O8161RUS,LEWIS
K329T8197RUS,DIAZ
9677MO178RUS,LOPEZ
9939KK197RUS,SMITH
M373CH197RUS,BROWN
7164YM36RUS,JOHNSON
O753MX161RUS,PATEL
T6488M116RUS,TURNER
98047H178RUS,YOUNG
9488EY178RUS,THOMPSON
O481OH77RUS,GOMEZ
K326T8197RUS,WATSON
X796TH96RUS,CLARK
Y358O8197RUS,CRUZ
C420X938RUS,JONES
Y965O8197RUS,JACKSON
Y274O8197RUS,WATSON
E223YM197RUS,FLORES
Y964EE197RUS,REYES
T6049O50RUS,BROWN
H259HY161RUS,NGUYEN
Y344E877RUS,ROGERS
K889HY161RUS,MILLER
H214X836RUS,PATEL
O421OT161RUS,LEWIS
7360C8197RUS,HILL
Y194O8161RUS,NGUYEN
T6359O50RUS,NGUYEN
E29677161RUS,PEREZ
T020MM116RUS,ROBINSON
9502XX38RUS,ROSS
8521XX154RUS,JONES
K376HE161RUS,COOK
7193TT36RUS,TORRES
O785T9163RUS,GUTIERREZ
H618YC38RUS,WATSON
9068EM178RUS,MORRIS
7783KT197RUS,WRIGHT
Y305E877RUS,ADAMS
E881OT197RUS,JONES
O718MM163RUS,BAILEY
9975CC77RUS,GONZALEZ
T195OK161RUS,LEE
T914CT197RUS,GUTIERREZ
E41977152RUS,WHITE
9464EX178RUS,WALKER
O50197197RUS,LOPEZ
7608EE777RUS,WILLIAMS
W111WW28RUS,PIPA
S555SS28RUS,BOBA
G666GG28RUS,VIVA
